image_name,background,blood,bullet_hole,crime_scene_tape,drink_can,fingerprint,gloves,gun,knife,shell_casing,prints
blood_101.jpg,4,0,0,0,0,0,0,0,0,0,0
blood_102.jpg,2,0,0,0,0,0,0,0,0,0,0
blood_103.jpg,2,0,0,0,0,0,0,0,0,0,0
blood_104.jpg,4,0,0,0,0,0,0,0,0,0,0
blood_105.jpg,11,0,0,0,0,0,0,0,0,0,0
blood_106.jpg,5,0,0,0,0,0,0,0,0,0,0
blood_107.jpg,4,0,0,0,0,0,0,0,0,0,0
blood_108.jpg,10,0,0,0,0,0,0,0,0,0,0
blood_109.jpg,18,0,0,0,0,0,0,0,0,0,0
blood_110.jpg,2,0,0,0,0,0,0,0,0,0,0
blood_111.jpg,2,0,0,0,0,0,0,0,0,0,0
blood_112.jpg,9,0,0,0,0,0,0,0,0,0,0
blood_113.jpg,8,0,0,0,0,0,0,0,0,0,0
blood_114.jpg,12,0,0,0,0,0,0,0,0,0,0
blood_115.jpg,3,0,0,0,0,0,0,0,0,0,0
blood_116.jpg,2,0,0,0,0,0,0,0,0,0,0
blood_117.jpg,3,0,0,0,0,0,0,0,0,0,0
blood_118.jpg,0,1,0,0,0,0,0,0,0,0,0
blood_119.jpg,3,0,0,0,0,0,0,1,0,0,0
blood_120.jpg,2,0,0,0,0,0,0,0,0,0,0
blood_121.jpg,5,0,0,0,0,0,0,0,0,0,0
blood_122.jpg,1,0,0,0,0,0,0,0,0,0,0
blood_123.jpg,5,0,0,0,0,0,0,0,0,0,0
blood_124.jpg,3,0,0,0,0,0,0,0,0,0,0
blood_125.jpg,15,0,0,0,0,0,0,0,0,0,0
blood_126.jpg,4,0,0,0,0,0,0,0,0,0,0
blood_127.jpg,9,0,0,0,0,0,0,0,0,0,0
blood_128.jpg,6,0,0,0,0,0,0,0,1,0,0
blood_129.jpg,0,0,0,0,0,0,0,0,0,0,0
blood_130.jpg,15,0,0,0,0,0,0,0,0,0,0
bullet_hole_051.jpg,1,0,0,0,0,0,0,0,0,0,0
bullet_hole_052.jpg,1,0,0,0,0,0,0,0,0,0,0
bullet_hole_053.jpg,1,0,0,0,0,0,0,0,0,0,0
bullet_hole_054.jpg,1,0,0,0,0,0,0,0,0,0,0
bullet_hole_055.jpg,1,0,0,0,0,0,0,0,0,0,0
bullet_hole_056.jpg,1,0,0,0,0,0,0,0,0,0,0
bullet_hole_057.jpg,1,0,0,0,0,0,0,0,0,0,0
bullet_hole_058.jpg,1,0,0,0,0,0,0,0,0,0,0
bullet_hole_059.jpg,1,0,0,0,0,0,0,0,0,0,0
bullet_hole_060.jpg,1,0,0,0,0,0,0,0,0,0,0
bullet_hole_061.jpg,1,0,0,0,0,0,0,0,0,0,0
bullet_hole_062.jpg,1,0,0,0,0,0,0,0,0,0,0
bullet_hole_063.jpg,1,0,0,0,0,0,0,0,0,0,0
bullet_hole_064.jpg,1,0,0,0,0,0,0,0,0,0,0
bullet_hole_065.jpg,1,0,0,0,0,0,0,0,0,0,0
bullet_hole_066.jpg,1,0,0,0,0,0,0,0,0,0,0
bullet_hole_067.jpg,1,0,0,0,0,0,0,0,0,0,0
bullet_hole_068.jpg,1,0,0,0,0,0,0,0,0,0,0
bullet_hole_069.jpg,1,0,0,0,0,0,0,0,0,0,0
bullet_hole_070.jpg,1,0,0,0,0,0,0,0,0,0,0
bullet_hole_071.jpg,1,0,0,0,0,0,0,0,0,0,0
bullet_hole_072.jpg,1,0,0,0,0,0,0,0,0,0,0
bullet_hole_073.jpg,1,0,0,0,0,0,0,0,0,0,0
bullet_hole_074.jpg,1,0,0,0,0,0,0,0,0,0,0
bullet_hole_075.jpg,1,0,0,0,0,0,0,0,0,0,0
bullet_hole_076.jpg,1,0,0,0,0,0,0,0,0,0,0
bullet_hole_077.jpg,1,0,0,0,0,0,0,0,0,0,0
bullet_hole_078.jpg,1,0,0,0,0,0,0,0,0,0,0
bullet_hole_079.jpg,1,0,0,0,0,0,0,0,0,0,0
bullet_hole_080.jpg,1,0,0,0,0,0,0,0,0,0,0
bullet_hole_081.jpg,1,0,0,0,0,0,0,0,0,0,0
bullet_hole_082.jpg,1,0,0,0,0,0,0,0,0,0,0
bullet_hole_083.jpg,1,0,0,0,0,0,0,0,0,0,0
bullet_hole_084.jpg,1,0,0,0,0,0,0,0,0,0,0
bullet_hole_085.jpg,1,0,0,0,0,0,0,0,0,0,0
bullet_hole_086.jpg,1,0,0,0,0,0,0,0,0,0,0
bullet_hole_087.jpg,1,0,0,0,0,0,0,0,0,0,0
bullet_hole_088.jpg,1,0,0,0,0,0,0,0,0,0,0
bullet_hole_089.jpg,1,0,0,0,0,0,0,0,0,0,0
bullet_hole_090.jpg,1,0,0,0,0,0,0,0,0,0,0
bullet_hole_091.jpg,1,0,0,0,0,0,0,0,0,0,0
bullet_hole_092.jpg,1,0,0,0,0,0,0,0,0,0,0
bullet_hole_093.jpg,1,0,0,0,0,0,0,0,0,0,0
bullet_hole_094.jpg,1,0,0,0,0,0,0,0,0,0,0
bullet_hole_095.jpg,1,0,0,0,0,0,0,0,0,0,0
bullet_hole_096.jpg,1,0,0,0,0,0,0,0,0,0,0
bullet_hole_097.jpg,1,0,0,0,0,0,0,0,0,0,0
bullet_hole_098.jpg,1,0,0,0,0,0,0,0,0,0,0
bullet_hole_099.jpg,1,0,0,0,0,0,0,0,0,0,0
bullet_hole_100.jpg,1,0,0,0,0,0,0,0,0,0,0
gloves_1.jpg,0,0,0,0,0,0,0,0,1,0,0
gloves_10.jpg,0,0,0,0,0,0,0,0,3,0,0
gloves_11.jpg,0,0,0,0,0,0,0,0,1,0,0
gloves_12.jpg,0,0,0,0,0,0,0,0,2,0,0
gloves_13.jpg,0,0,0,0,0,0,0,0,1,0,0
gloves_14.jpg,0,0,0,0,0,0,0,0,1,0,0
gloves_15.jpg,1,0,0,0,0,0,0,0,2,0,0
gloves_16.jpg,0,0,0,0,0,0,0,0,1,0,0
gloves_17.jpg,0,0,0,0,0,0,0,0,1,0,0
gloves_18.jpg,1,0,0,0,0,0,0,0,1,0,0
gloves_19.jpg,0,0,0,0,0,0,0,0,1,0,0
gloves_2.jpg,0,0,0,0,0,0,0,0,1,0,0
gloves_20.jpg,0,0,0,0,0,0,0,0,2,0,0
gloves_21.jpg,0,0,0,0,0,0,0,0,1,0,0
gloves_22.jpg,0,0,0,0,0,0,0,0,1,0,0
gloves_23.jpg,0,0,0,0,0,0,0,0,1,0,0
gloves_24.jpg,0,0,0,0,0,0,0,0,1,0,0
gloves_25.jpg,0,0,0,0,0,0,0,0,1,0,0
gloves_26.jpg,0,0,0,0,0,0,0,0,1,0,0
gloves_27.jpg,0,0,0,0,0,0,0,0,1,0,0
gloves_28.jpg,0,0,0,0,0,0,0,0,1,0,0
gloves_29.jpg,0,0,0,0,0,0,0,0,1,0,0
gloves_3.jpg,0,0,0,0,0,0,0,0,1,0,0
gloves_30.jpg,0,0,0,0,0,0,0,0,1,0,0
gloves_4.jpg,0,0,0,0,0,0,0,0,1,0,0
gloves_5.jpg,0,0,0,0,0,0,0,0,2,0,0
gloves_6.jpg,0,0,0,0,0,0,0,0,1,0,0
gloves_7.jpg,0,0,0,0,0,0,0,0,2,0,0
gloves_8.jpg,0,0,0,0,0,0,0,0,3,0,0
gloves_9.jpg,0,0,0,0,0,0,0,0,2,0,0
gun_036.jpg,0,0,0,0,0,0,0,0,0,2,0
gun_037.jpg,0,0,0,0,0,0,0,0,0,1,0
gun_041.jpg,2,0,0,0,0,0,0,0,0,0,0
gun_042.jpg,2,0,0,0,0,0,0,0,0,0,0
gun_043.jpg,2,0,0,0,0,0,0,0,0,0,0
gun_044.jpg,2,0,0,0,0,0,0,0,0,0,0
gun_045.jpg,2,0,0,0,0,0,0,0,0,0,0
gun_046.jpg,1,0,0,0,0,0,0,0,0,0,0
gun_047.jpg,1,0,0,0,0,0,0,0,0,0,0
gun_048.jpg,1,0,0,0,0,0,0,0,0,0,0
gun_049.jpg,1,0,0,0,0,0,0,0,0,0,0
gun_050.jpg,1,0,0,0,0,0,0,0,0,0,0
gun_051.jpg,1,0,0,0,0,0,0,0,0,0,0
gun_052.jpg,2,0,0,0,0,0,0,0,0,0,0
gun_053.jpg,1,0,0,0,0,0,0,0,0,0,0
gun_054.jpg,2,0,0,0,0,0,0,0,0,0,0
gun_055.jpg,1,0,0,0,0,0,0,0,0,0,0
gun_056.jpg,1,0,0,0,0,0,0,0,0,0,0
gun_057.jpg,1,0,0,0,0,0,0,0,0,0,0
gun_058.jpg,1,0,0,0,0,0,0,0,0,0,0
gun_059.jpg,1,0,0,0,0,0,0,0,0,0,0
gun_060.jpg,1,0,0,0,0,0,0,0,0,0,0
gun_061.jpg,1,0,0,0,0,0,0,0,0,0,0
gun_062.jpg,1,0,0,0,0,0,0,0,0,0,0
gun_063.jpg,1,0,0,0,0,0,0,0,0,0,0
gun_064.jpg,2,0,0,0,0,0,0,0,0,0,0
gun_065.jpg,1,0,0,0,0,0,0,0,0,0,0
gun_066.jpg,1,0,0,0,0,0,0,0,0,0,0
gun_067.jpg,1,0,0,0,0,0,0,0,0,0,0
gun_068.jpg,1,0,0,0,0,0,0,0,0,0,0
gun_069.jpg,1,0,0,0,0,0,0,0,0,0,0
gun_070.jpg,1,0,0,0,0,0,0,0,0,0,0
gun_071.jpg,1,0,0,0,0,0,0,0,0,0,0
gun_072.jpg,1,0,0,0,0,0,0,0,0,0,0
gun_073.jpg,1,0,0,0,0,0,0,0,0,0,0
gun_074.jpg,1,0,0,0,0,0,0,0,0,0,0
gun_075.jpg,1,0,0,0,0,0,0,0,0,0,0
gun_076.jpg,1,0,0,0,0,0,0,0,0,0,0
gun_077.jpg,1,0,0,0,0,0,0,0,0,0,0
gun_078.jpg,1,0,0,0,0,0,0,0,0,0,0
gun_079.jpg,1,0,0,0,0,0,0,0,0,0,0
gun_080.jpg,1,0,0,0,0,0,0,0,0,0,0
gun_081.jpg,1,0,0,0,0,0,0,0,0,0,0
gun_082.jpg,1,0,0,0,0,0,0,0,0,0,0
gun_083.jpg,1,0,0,0,0,0,0,0,0,0,0
gun_084.jpg,1,0,0,0,0,0,0,0,0,0,0
gun_085.jpg,1,0,0,0,0,0,0,0,0,0,0
gun_086.jpg,1,0,0,0,0,0,0,0,0,0,0
gun_087.jpg,1,0,0,0,0,0,0,0,0,0,0
gun_088.jpg,1,0,0,0,0,0,0,0,0,0,0
gun_089.jpg,1,0,0,0,0,0,0,0,0,0,0
gun_090.jpg,1,0,0,0,0,0,0,0,0,0,0
gun_091.jpg,1,0,0,0,0,0,0,0,0,0,0
gun_092.jpg,2,0,0,0,0,0,0,0,0,0,0
gun_093.jpg,2,0,0,0,0,0,0,0,0,0,0
gun_094.jpg,1,0,0,0,0,0,0,0,0,0,0
gun_095.jpg,2,0,0,0,0,0,0,0,0,0,0
gun_096.jpg,1,0,0,0,0,0,0,0,0,0,0
gun_097.jpg,1,0,0,0,0,0,0,0,0,0,0
gun_098.jpg,1,0,0,0,0,0,0,0,0,0,0
gun_099.jpg,1,0,0,0,0,0,0,0,0,0,0
gun_100.jpg,1,0,0,0,0,0,0,0,0,0,0
gun_101.jpg,1,0,0,0,0,0,0,0,0,0,0
gun_102.jpg,1,0,0,0,0,0,0,0,0,0,0
gun_103.jpg,1,0,0,0,0,0,0,0,0,0,0
gun_104.jpg,1,0,0,0,0,0,0,0,0,0,0
gun_105.jpg,1,0,0,0,0,0,0,0,0,0,0
gun_106.jpg,1,0,0,0,0,0,0,0,0,0,0
gun_107.jpg,1,0,0,0,0,0,0,0,0,0,0
gun_108.jpg,1,0,0,0,0,0,0,0,0,0,0
gun_109.jpg,1,0,0,0,0,0,0,0,0,0,0
gun_110.jpg,1,0,0,0,0,0,0,0,0,0,0
gun_111.jpg,1,0,0,0,0,0,0,0,0,0,0
gun_112.jpg,1,0,0,0,0,0,0,0,0,0,0
gun_113.jpg,1,0,0,0,0,0,0,0,0,0,0
gun_114.jpg,1,0,0,0,0,0,0,0,0,0,0
gun_115.jpg,1,0,0,0,0,0,0,0,0,0,0
gun_116.jpg,2,0,0,0,0,0,0,0,0,0,0
gun_117.jpg,2,0,0,0,0,0,0,0,0,0,0
gun_118.jpg,2,0,0,0,0,0,0,0,0,0,0
gun_119.jpg,2,0,0,0,0,0,0,0,0,0,0
gun_120.jpg,2,0,0,0,0,0,0,0,0,0,0
gun_121.jpg,1,0,0,0,0,0,0,0,0,0,0
gun_122.jpg,1,0,0,0,0,0,0,0,0,0,0
gun_123.jpg,1,0,0,0,0,0,0,0,0,0,0
gun_124.jpg,1,0,0,0,0,0,0,0,0,0,0
gun_125.jpg,1,0,0,0,0,0,0,0,0,0,0
gun_126.jpg,1,0,0,0,0,0,0,0,0,0,0
gun_127.jpg,1,0,0,0,0,0,0,0,0,0,0
gun_128.jpg,1,0,0,0,0,0,0,0,0,0,0
gun_129.jpg,1,0,0,0,0,0,0,0,0,0,0
gun_130.jpg,1,0,0,0,0,0,0,0,0,0,0
gun_131.jpg,1,0,0,0,0,0,0,0,0,0,0
gun_132.jpg,1,0,0,0,0,0,0,0,0,0,0
gun_133.jpg,1,0,0,0,0,0,0,0,0,0,0
gun_134.jpg,1,0,0,0,0,0,0,0,0,0,0
gun_135.jpg,1,0,0,0,0,0,0,0,0,0,0
gun_136.jpg,1,0,0,0,0,0,0,0,0,0,0
gun_137.jpg,1,0,0,0,0,0,0,0,0,0,0
gun_138.jpg,1,0,0,0,0,0,0,0,0,0,0
gun_139.jpg,1,0,0,0,0,0,0,0,0,0,0
gun_140.jpg,1,0,0,0,0,0,0,0,0,0,0
gun_141.jpg,0,0,0,0,0,0,0,0,0,0,0
gun_142.jpg,0,0,0,0,0,0,0,0,0,0,0
gun_143.jpg,0,0,0,0,0,0,0,0,0,0,0
gun_144.jpg,2,0,0,0,0,0,0,0,0,0,0
gun_145.jpg,2,0,0,0,0,0,0,0,0,0,0
gun_146.jpg,1,0,0,0,0,0,0,0,0,0,0
gun_147.jpg,0,0,0,0,0,1,0,0,0,0,0
gun_148.jpg,0,0,0,0,0,1,0,0,0,0,0
gun_149.jpg,0,0,0,0,0,1,0,0,0,0,0
gun_150.jpg,0,0,0,0,0,2,0,0,0,0,0
gun_151.jpg,0,0,0,0,0,1,0,0,0,0,0
gun_152.jpg,1,0,0,0,0,1,0,0,0,0,0
gun_153.jpg,0,0,0,0,0,0,0,0,1,0,0
gun_154.jpg,0,0,0,0,0,0,0,0,1,0,0
gun_155.jpg,0,0,0,0,0,0,0,0,1,0,0
gun_156.jpg,1,0,0,0,0,0,0,0,0,0,0
gun_157.jpg,1,0,0,0,0,0,0,0,0,0,0
gun_158.jpg,2,0,0,0,0,0,0,0,0,0,0
gun_159.jpg,0,0,0,0,0,0,0,0,0,0,0
gun_160.jpg,0,0,0,0,0,0,0,0,1,0,0
gun_161.jpg,0,0,0,0,0,0,0,0,0,0,0
gun_162.jpg,0,1,0,0,0,0,0,0,0,0,0
gun_163.jpg,0,0,0,0,0,0,0,0,0,0,0
gun_164.jpg,0,1,0,0,0,0,0,0,0,0,0
gun_165.jpg,0,0,0,0,0,0,0,0,0,0,0
gun_166.jpg,0,0,0,0,0,0,0,0,0,0,0
gun_167.jpg,0,0,0,0,0,0,0,0,0,0,0
gun_168.jpg,0,0,0,0,0,0,0,0,0,0,0
gun_169.jpg,0,0,0,0,0,0,0,0,0,0,0
gun_170.jpg,0,0,0,0,0,0,0,0,0,0,0
gun_171.jpg,1,0,0,0,0,0,0,0,0,0,0
gun_172.jpg,1,0,0,0,0,0,0,0,0,0,0
gun_173.jpg,1,0,0,0,0,0,0,0,0,0,0
gun_174.jpg,0,0,0,0,0,0,0,0,0,0,0
gun_175.jpg,0,0,0,0,0,0,0,0,0,1,0
gun_176.jpg,0,0,0,0,0,0,0,0,0,2,0
gun_177.jpg,0,0,0,0,0,0,0,0,0,0,0
gun_178.jpg,0,0,1,0,0,0,0,0,0,0,0
gun_179.jpg,0,0,0,0,0,0,0,0,0,0,0
gun_180.jpg,0,0,0,0,0,0,0,1,0,0,0
gun_181.jpg,0,0,0,0,0,0,0,1,0,0,0
gun_182.jpg,0,0,0,0,0,0,0,1,0,0,0
gun_183.jpg,0,0,0,0,0,0,0,0,0,0,0
gun_184.jpg,0,0,0,0,0,0,0,0,0,0,0
gun_185.jpg,1,0,0,0,0,0,0,0,0,0,0
gun_186.jpg,0,0,0,0,0,0,0,0,0,0,0
gun_187.jpg,0,0,0,0,0,0,0,1,0,0,0
gun_188.jpg,0,0,0,0,0,0,0,0,0,0,0
gun_189.jpg,0,0,0,0,0,0,0,0,0,0,0
gun_190.jpg,1,0,0,0,0,0,0,0,0,0,0
gun_191.jpg,0,0,0,0,0,0,0,0,0,0,0
gun_192.jpg,1,0,0,0,0,0,0,0,0,0,0
gun_193.jpg,1,0,0,0,0,0,0,0,0,0,0
gun_194.jpg,0,0,0,0,0,0,0,0,0,0,0
gun_195.jpg,0,0,0,0,0,0,0,0,0,0,1
gun_196.jpg,0,0,0,0,0,0,0,0,0,0,1
gun_197.jpg,0,0,0,0,0,0,0,0,0,0,1
gun_198.jpg,1,0,0,0,0,0,0,0,0,0,0
gun_199.jpg,1,0,0,0,0,0,0,0,0,0,0
gun_200.jpg,1,0,0,0,0,0,0,0,0,0,0
knife_071.jpg,1,0,0,0,0,0,0,0,0,0,0
knife_072.jpg,1,0,0,0,0,0,0,0,0,0,0
knife_073.jpg,1,0,0,0,0,0,0,0,0,0,0
knife_074.jpg,1,0,0,0,0,0,0,0,0,0,0
knife_075.jpg,1,0,0,0,0,0,0,0,0,0,0
knife_076.jpg,1,0,0,0,0,0,0,0,0,0,0
knife_077.jpg,1,0,0,0,0,0,0,0,0,0,0
knife_078.jpg,1,0,0,0,0,0,0,0,0,0,0
knife_079.jpg,1,0,0,0,0,0,0,0,0,0,0
knife_080.jpg,1,0,0,0,0,0,0,0,0,0,0
knife_081.jpg,1,0,0,0,0,0,0,0,0,0,0
knife_082.jpg,1,0,0,0,0,0,0,0,0,0,0
knife_083.jpg,1,0,0,0,0,0,0,0,0,0,0
knife_084.jpg,1,0,0,0,0,0,0,0,0,0,0
knife_085.jpg,1,0,0,0,0,0,0,0,0,0,0
knife_086.jpg,1,0,0,0,0,0,0,0,0,0,0
knife_087.jpg,1,0,0,0,0,0,0,0,0,0,0
knife_088.jpg,1,0,0,0,0,0,0,0,0,0,0
knife_089.jpg,1,0,0,0,0,0,0,0,0,0,0
knife_090.jpg,1,0,0,0,0,0,0,0,0,0,0
knife_091.jpg,1,0,0,0,0,0,0,0,0,0,0
knife_092.jpg,1,0,0,0,0,0,0,0,0,0,0
knife_093.jpg,1,0,0,0,0,0,0,0,0,0,0
knife_094.jpg,1,0,0,0,0,0,0,0,0,0,0
knife_095.jpg,1,0,0,0,0,0,0,0,0,0,0
knife_096.jpg,1,0,0,0,0,0,0,0,0,0,0
knife_097.jpg,3,0,0,0,0,0,0,0,0,0,0
knife_098.jpg,1,0,0,0,0,0,0,0,0,0,0
knife_099.jpg,1,0,0,0,0,0,0,0,0,0,0
knife_10.jpg,0,0,0,0,0,0,0,0,0,0,1
knife_100.jpg,1,0,0,0,0,0,0,0,0,0,0
knife_101.jpg,1,0,0,0,0,0,0,0,0,0,0
knife_102.jpg,1,0,0,0,0,0,0,0,0,0,0
knife_103.jpg,1,0,0,0,0,0,0,0,0,0,0
knife_104.jpg,1,0,0,0,0,0,0,0,0,0,0
knife_105.jpg,1,0,0,0,0,0,0,0,0,0,0
knife_106.jpg,1,0,0,0,0,0,0,0,0,0,0
knife_107.jpg,1,0,0,0,0,0,0,0,0,0,0
knife_108.jpg,1,0,0,0,0,0,0,0,0,0,0
knife_109.jpg,1,0,0,0,0,0,0,0,0,0,0
knife_11.jpg,0,0,0,0,0,0,0,0,0,0,1
knife_110.jpg,1,0,0,0,0,0,0,0,0,0,0
knife_111.jpg,1,0,0,0,0,0,0,0,0,0,0
knife_112.jpg,2,0,0,0,0,0,0,0,0,0,0
knife_113.jpg,1,0,0,0,0,0,0,0,0,0,0
knife_114.jpg,1,0,0,0,0,0,0,0,0,0,0
knife_115.jpg,1,0,0,0,0,0,0,0,0,0,0
knife_116.jpg,1,0,0,0,0,0,0,0,0,0,0
knife_117.jpg,1,0,0,0,0,0,0,0,0,0,0
knife_118.jpg,1,0,0,0,0,0,0,0,0,0,0
knife_119.jpg,2,0,0,0,0,0,0,0,0,0,0
knife_12.jpg,0,0,0,0,0,0,0,0,0,0,2
knife_120.jpg,1,0,0,0,0,0,0,0,0,0,0
knife_121.jpg,1,0,0,0,0,0,0,0,0,0,0
knife_122.jpg,2,0,0,0,0,0,0,0,0,0,0
knife_123.jpg,2,0,0,0,0,0,0,0,0,0,0
knife_124.jpg,1,0,0,0,0,0,0,0,0,0,0
knife_125.jpg,1,0,0,0,0,0,0,0,0,0,0
knife_126.jpg,1,0,0,0,0,0,0,0,0,0,0
knife_127.jpg,2,0,0,0,0,0,0,0,0,0,0
knife_128.jpg,2,0,0,0,0,0,0,0,0,0,0
knife_129.jpg,1,0,0,0,0,0,0,0,0,0,0
knife_13.jpg,0,0,0,0,0,0,0,0,0,0,2
knife_130.jpg,1,0,0,0,0,0,0,0,0,0,0
knife_14.jpg,0,0,0,0,0,0,0,0,0,0,1
knife_15.jpg,0,0,0,0,0,0,0,0,0,0,1
knife_16.jpg,0,0,0,0,0,0,0,0,0,0,2
knife_17.jpg,0,0,0,0,0,0,0,0,0,0,1
knife_18.jpg,0,0,0,0,0,0,0,0,0,0,1
knife_19.jpg,0,0,0,0,0,0,0,0,0,0,1
knife_2.jpg,0,0,0,0,0,0,0,0,0,0,1
knife_20.jpg,0,0,0,0,0,0,0,0,0,0,2
knife_21.jpg,0,0,0,0,0,0,0,0,0,0,1
knife_22.jpg,0,0,0,0,0,0,0,0,0,0,1
knife_23.jpg,0,0,0,0,0,0,0,0,0,0,1
knife_24.jpg,0,0,0,0,0,0,0,0,0,0,2
knife_25.jpg,0,0,0,0,0,0,0,0,0,0,2
knife_26.jpg,0,0,0,0,0,0,0,0,0,0,1
knife_27.jpg,0,0,0,0,0,0,0,0,0,0,1
knife_28.jpg,0,0,0,0,0,0,0,0,0,0,1
knife_29.jpg,0,0,0,0,0,0,0,0,0,0,1
knife_3.jpg,0,0,0,0,0,0,0,0,0,0,1
knife_30.jpg,0,0,0,0,0,0,0,0,0,0,1
knife_31.jpg,0,0,0,0,0,0,0,0,0,0,2
knife_32.jpg,0,0,0,0,0,0,0,0,0,0,2
knife_33.jpg,0,0,0,0,0,0,0,0,0,0,1
knife_34.jpg,0,0,0,0,0,0,0,0,0,0,1
knife_35.jpg,0,0,0,0,0,0,0,0,0,0,1
knife_36.jpg,0,0,0,0,0,0,0,0,0,0,1
knife_37.jpg,0,0,0,0,0,0,0,0,0,0,1
knife_38.jpg,0,0,0,0,0,0,0,0,0,0,1
knife_39.jpg,0,0,0,0,0,0,0,0,0,0,1
knife_4.jpg,0,0,0,0,0,0,0,0,0,0,2
knife_40.jpg,0,0,0,0,0,0,0,0,0,0,1
knife_5.jpg,0,0,0,0,0,0,0,0,0,0,1
knife_6.jpg,0,0,0,0,0,0,0,0,0,0,1
knife_7.jpg,0,0,0,0,0,0,0,0,0,0,1
knife_8.jpg,0,0,0,0,0,0,0,0,0,0,1
knife_9.jpg,0,0,0,0,0,0,0,0,0,0,2
shell_081.jpg,1,0,0,0,0,0,0,0,0,0,0
shell_082.jpg,3,0,0,0,0,0,0,0,0,0,0
shell_083.jpg,1,0,0,0,0,0,0,0,0,0,0
shell_084.jpg,2,0,0,0,0,0,0,0,0,0,0
shell_085.jpg,2,0,0,0,0,0,0,0,0,0,0
shell_086.jpg,1,0,0,0,0,0,0,0,0,0,0
shell_087.jpg,0,0,0,0,0,0,0,0,0,0,0
shell_088.jpg,3,0,0,0,0,0,0,0,0,0,0
shell_089.jpg,1,0,0,0,0,0,0,0,0,0,0
shell_090.jpg,4,0,0,0,0,0,0,0,0,0,0
shell_091.jpg,4,0,0,0,0,0,0,0,0,0,0
shell_092.jpg,1,0,0,0,0,0,0,0,0,0,0
shell_093.jpg,5,0,0,0,0,0,0,0,0,0,0
shell_094.jpg,1,0,0,0,0,0,0,0,0,0,0
shell_095.jpg,0,0,0,0,0,0,0,0,0,0,0
shell_096.jpg,3,0,0,0,0,0,0,0,0,0,0
shell_097.jpg,1,0,0,0,0,0,0,0,0,0,0
shell_098.jpg,4,0,0,0,0,0,0,0,0,0,0
shell_099.jpg,1,0,0,0,0,0,0,0,0,0,0
shell_100.jpg,3,0,0,0,0,3,0,0,0,0,1
shell_101.jpg,3,0,0,0,0,0,0,0,0,0,0
shell_102.jpg,1,0,0,0,0,0,0,0,0,0,0
shell_103.jpg,2,0,0,0,0,0,0,0,0,0,0
shell_104.jpg,2,0,0,0,0,0,0,0,0,0,0
shell_105.jpg,3,0,0,0,0,0,0,0,0,0,0
shell_106.jpg,6,0,0,0,0,0,0,0,0,0,0
shell_107.jpg,3,0,0,0,0,0,0,0,0,0,0
shell_108.jpg,3,0,0,0,0,0,0,0,0,0,0
shell_109.jpg,0,0,0,0,0,0,0,0,0,0,0
shell_110.jpg,5,0,0,0,0,0,0,0,0,0,0
shell_111.jpg,1,0,0,0,0,0,0,0,0,0,0
shell_112.jpg,3,0,0,0,0,0,0,0,0,0,0
shell_113.jpg,3,0,0,0,0,0,0,0,0,0,0
shell_114.jpg,4,0,0,0,0,0,0,0,0,0,0
shell_115.jpg,1,0,0,0,0,0,0,0,0,0,0
shell_116.jpg,2,0,0,0,0,0,0,0,0,0,0
shell_117.jpg,1,0,0,0,0,0,0,0,0,0,0
shell_118.jpg,1,0,0,0,0,0,0,0,0,0,0
shell_119.jpg,3,0,0,0,0,0,0,0,0,0,0
shell_120.jpg,3,0,0,0,0,0,0,0,0,0,0
shoeprint_081.jpg,0,1,0,0,0,0,0,0,0,0,0
shoeprint_082.jpg,0,0,0,0,0,0,0,0,0,0,0
shoeprint_083.jpg,0,0,0,0,0,0,0,0,0,0,0
shoeprint_084.jpg,0,0,2,0,0,0,0,0,0,0,0
shoeprint_085.jpg,0,0,0,0,0,0,0,0,0,0,0
shoeprint_086.jpg,0,0,0,0,0,0,0,0,0,0,0
shoeprint_087.jpg,0,2,2,0,0,0,0,0,0,0,0
shoeprint_088.jpg,0,1,0,0,0,0,0,0,0,0,0
shoeprint_089.jpg,0,1,0,0,0,0,0,0,0,0,0
shoeprint_090.jpg,0,0,0,0,0,0,0,0,0,0,0
shoeprint_091.jpg,0,0,1,0,0,0,0,0,0,0,0
shoeprint_092.jpg,0,1,0,0,0,0,0,0,0,0,0
shoeprint_093.jpg,0,0,0,0,0,0,0,0,0,0,0
shoeprint_094.jpg,0,1,0,0,0,0,0,0,0,0,0
shoeprint_095.jpg,0,0,0,0,0,0,0,0,0,0,0
shoeprint_096.jpg,0,1,0,0,0,0,0,0,0,0,0
shoeprint_097.jpg,0,0,0,0,0,0,0,0,0,0,0
shoeprint_098.jpg,0,0,0,0,0,0,0,0,0,0,0
shoeprint_099.jpg,0,1,0,0,0,0,0,0,0,0,0
shoeprint_100.jpg,0,0,1,0,0,0,0,0,0,0,0
shoeprint_101.jpg,0,0,1,0,0,0,0,0,0,0,0
shoeprint_102.jpg,0,1,0,0,0,0,0,0,0,0,0
shoeprint_103.jpg,0,1,0,0,0,0,0,0,0,0,0
shoeprint_104.jpg,0,1,1,0,0,0,0,0,0,0,0
shoeprint_105.jpg,0,0,1,0,0,0,1,0,0,0,0
shoeprint_106.jpg,0,0,0,0,0,0,0,0,0,0,0
shoeprint_107.jpg,0,0,0,0,0,0,1,0,0,0,0
shoeprint_108.jpg,0,0,0,0,0,0,0,0,0,0,0
shoeprint_109.jpg,0,1,0,0,0,0,0,0,0,0,0
shoeprint_110.jpg,0,1,0,0,0,0,0,0,0,0,0
shoeprint_111.jpg,0,1,0,0,0,0,0,0,0,0,0
shoeprint_112.jpg,0,1,0,0,0,0,0,0,0,0,0
shoeprint_113.jpg,0,0,0,0,0,0,0,0,0,0,0
shoeprint_114.jpg,0,1,0,0,0,0,0,0,0,0,0
shoeprint_115.jpg,0,1,1,0,0,0,0,0,0,0,0
shoeprint_116.jpg,0,0,0,0,0,0,0,0,0,0,0
shoeprint_117.jpg,0,1,0,0,0,0,0,0,0,0,0
shoeprint_118.jpg,0,0,2,0,0,0,0,0,0,0,0
shoeprint_119.jpg,0,1,0,0,0,0,0,0,0,0,0
shoeprint_120.jpg,0,1,0,0,0,0,0,0,0,0,0
shoeprint_121.jpg,0,1,0,0,0,0,0,0,0,0,0
shoeprint_122.jpg,0,1,0,0,0,0,0,0,0,0,0
shoeprint_123.jpg,0,1,0,0,0,0,0,0,0,0,0
shoeprint_124.jpg,0,0,2,0,0,0,0,0,0,0,0
shoeprint_125.jpg,0,1,0,0,0,0,0,0,0,0,0
shoeprint_126.jpg,0,1,1,0,0,0,0,0,0,0,0
shoeprint_127.jpg,0,0,0,0,0,0,1,0,0,0,0
shoeprint_128.jpg,0,0,0,0,0,0,0,0,0,0,0
shoeprint_129.jpg,0,1,0,0,0,0,0,0,0,0,0
shoeprint_130.jpg,0,0,0,0,0,0,0,0,0,0,0
shoeprint_131.jpg,0,0,0,0,0,0,0,0,0,0,0
shoeprint_132.jpg,0,1,2,0,0,0,0,0,0,0,0
shoeprint_133.jpg,0,1,1,0,0,0,0,0,0,0,0
shoeprint_134.jpg,0,1,1,0,0,0,0,0,0,0,0
shoeprint_135.jpg,0,0,0,0,0,0,0,0,0,0,0
shoeprint_136.jpg,0,0,0,0,0,0,0,0,0,0,0
shoeprint_137.jpg,0,0,0,0,0,0,0,0,0,0,0
shoeprint_138.jpg,0,1,0,0,0,0,0,0,0,0,0
shoeprint_139.jpg,0,0,0,0,0,0,1,0,0,0,0
shoeprint_140.jpg,0,1,0,0,0,0,0,0,0,0,0
shoeprint_141.jpg,0,1,1,0,0,0,0,0,0,0,0
shoeprint_142.jpg,0,1,0,0,0,0,0,0,0,0,0
shoeprint_143.jpg,0,0,0,0,0,0,0,0,0,0,0
shoeprint_144.jpg,0,1,1,0,0,0,0,0,0,0,0
shoeprint_145.jpg,0,1,0,0,0,0,0,0,0,0,0
shoeprint_146.jpg,0,1,0,0,0,0,0,0,0,0,0
shoeprint_147.jpg,0,0,0,0,0,0,0,0,0,0,0
shoeprint_148.jpg,0,1,0,0,0,0,0,0,0,0,0
shoeprint_149.jpg,0,0,0,0,0,0,0,0,0,0,0
shoeprint_150.jpg,0,0,0,0,0,0,1,0,0,0,0
shoeprint_151.jpg,0,1,0,0,0,0,0,0,0,0,0
shoeprint_152.jpg,0,0,0,0,0,0,0,0,0,0,0
shoeprint_153.jpg,0,0,1,0,0,0,0,0,0,0,0
shoeprint_154.jpg,0,1,1,0,0,0,0,0,0,0,0
shoeprint_155.jpg,0,0,0,0,0,0,0,0,0,0,0
shoeprint_156.jpg,0,1,0,0,0,0,0,0,0,0,0
shoeprint_157.jpg,0,0,0,0,0,0,0,0,0,0,0
shoeprint_158.jpg,1,1,0,0,0,0,0,0,0,0,0
shoeprint_159.jpg,0,0,1,0,0,0,0,0,0,0,0
shoeprint_160.jpg,0,0,0,0,0,0,0,0,0,0,0
background_ (1).png,1,0,0,0,0,0,0,0,0,0,0
background_ (10).png,1,0,0,0,0,0,0,0,0,0,0
background_ (11).png,1,0,0,0,0,0,0,0,0,0,0
background_ (12).png,2,0,0,0,0,0,0,0,0,0,0
background_ (13).png,1,0,0,0,0,0,0,0,0,0,0
background_ (14).png,1,0,0,0,0,0,0,0,0,0,0
background_ (15).png,1,0,0,0,0,1,0,0,0,0,0
background_ (16).png,1,0,0,0,0,0,0,0,0,0,0
background_ (17).png,1,0,0,0,0,0,0,0,0,0,0
background_ (18).png,1,0,0,0,0,0,0,0,0,0,0
background_ (19).png,1,0,0,0,0,0,0,0,0,0,0
background_ (2).png,1,0,0,0,0,0,0,0,0,0,0
background_ (20).png,1,0,0,0,0,0,0,0,0,0,0
background_ (21).png,1,0,0,0,0,0,0,0,0,0,0
background_ (22).png,1,0,0,0,0,0,0,0,0,0,0
background_ (23).png,1,0,0,0,0,0,0,0,0,0,0
background_ (24).png,1,0,0,0,0,0,0,0,0,0,0
background_ (25).png,1,0,0,0,0,0,0,0,0,0,0
background_ (26).png,1,0,0,0,0,0,0,0,0,0,0
background_ (27).png,1,0,0,0,0,0,0,0,0,0,0
background_ (28).png,1,0,0,0,0,0,0,0,0,0,0
background_ (29).png,1,0,0,0,0,0,0,0,0,0,0
background_ (3).png,1,0,0,0,0,0,0,0,0,0,0
background_ (30).png,1,0,0,0,0,0,0,0,0,0,0
background_ (31).png,1,0,0,0,0,0,0,0,0,0,0
background_ (32).png,1,0,0,0,0,0,0,0,0,0,0
background_ (33).png,1,0,0,0,0,0,0,0,0,0,0
background_ (34).png,1,0,0,0,0,0,0,0,0,0,0
background_ (35).png,1,0,0,0,0,0,0,0,0,0,0
background_ (36).png,1,0,0,0,0,0,0,0,0,0,0
background_ (37).png,1,0,0,0,0,0,0,0,0,0,0
background_ (38).png,1,0,0,0,0,0,0,0,0,0,0
background_ (39).png,1,0,0,0,0,0,0,0,0,0,0
background_ (4).png,1,0,0,0,0,0,0,0,0,0,0
background_ (40).png,1,0,0,0,0,0,0,0,0,0,0
background_ (41).png,3,0,0,0,0,0,0,0,0,0,0
background_ (42).png,1,0,0,0,0,0,0,0,0,0,0
background_ (43).png,1,0,0,0,0,0,0,0,0,0,0
background_ (44).png,1,0,0,0,0,0,0,0,0,0,0
background_ (45).png,1,0,0,0,0,0,0,0,0,0,0
background_ (46).png,1,0,0,0,0,0,0,0,0,0,0
background_ (47).png,1,0,0,0,0,0,0,0,0,0,0
background_ (48).png,1,0,0,0,0,0,0,0,0,0,0
background_ (49).png,1,0,0,0,0,0,0,0,0,0,0
background_ (5).png,1,0,0,0,0,0,0,0,0,0,0
background_ (50).png,1,0,0,0,0,0,0,0,0,0,0
background_ (6).png,1,0,0,0,0,0,0,0,0,0,0
background_ (7).png,1,0,0,0,0,0,0,0,0,0,0
background_ (8).png,1,0,0,0,0,0,0,0,0,0,0
background_ (9).png,1,0,0,0,0,0,0,0,0,0,0
blood_1.png,1,1,0,0,0,0,0,0,0,0,0
blood_10.png,7,0,0,0,0,0,0,0,0,0,0
blood_100.png,0,1,0,0,0,1,0,0,0,0,0
blood_11.png,0,1,0,0,0,0,0,0,0,0,0
blood_12.png,0,1,0,0,0,0,0,0,0,0,0
blood_13.png,0,1,0,0,0,0,0,0,0,0,0
blood_14.png,0,1,0,0,0,0,0,0,0,0,0
blood_15.png,0,1,0,0,0,0,0,0,0,0,0
blood_16.png,0,1,0,0,0,0,0,0,0,0,0
blood_17.png,0,1,0,0,0,0,0,0,0,0,0
blood_18.png,0,1,0,0,0,0,0,0,0,0,0
blood_19.png,0,1,0,0,0,0,0,0,0,0,0
blood_2.png,0,1,0,0,0,0,0,0,0,0,0
blood_20.png,0,6,0,0,0,0,0,0,0,0,0
blood_21.png,0,1,0,0,0,0,0,0,0,0,0
blood_22.png,0,1,0,0,0,0,0,0,0,0,0
blood_23.png,0,1,0,0,0,0,0,0,0,0,0
blood_24.png,0,1,0,0,0,0,0,0,0,0,0
blood_25.png,0,1,0,0,0,0,0,0,0,0,0
blood_26.png,0,1,0,0,0,0,0,0,0,0,0
blood_27.png,0,1,0,0,0,0,0,0,0,0,0
blood_28.png,0,1,0,0,0,0,0,0,0,0,0
blood_29.png,0,1,0,0,0,0,0,0,0,0,0
blood_3.png,0,1,0,0,0,0,0,0,0,0,0
blood_30.png,0,1,1,0,0,0,0,0,0,0,0
blood_31.png,0,1,0,0,0,0,0,0,0,0,0
blood_32.png,0,1,0,0,0,0,0,0,0,0,0
blood_33.png,0,1,0,0,0,0,0,0,0,0,0
blood_34.png,0,3,0,0,0,0,0,0,0,0,0
blood_35.png,1,1,0,0,0,0,0,0,0,0,0
blood_36.png,0,2,0,0,0,0,0,0,0,0,0
blood_37.png,0,1,0,0,0,0,0,0,0,0,0
blood_38.png,0,1,0,0,0,0,0,0,0,0,0
blood_39.png,0,1,0,0,0,0,0,0,0,0,0
blood_4.png,0,1,0,0,0,0,0,0,0,0,0
blood_40.png,0,1,0,0,0,0,0,0,0,0,0
blood_41.png,0,1,0,0,0,0,0,0,0,0,0
blood_42.png,0,1,0,0,0,0,0,0,0,0,0
blood_43.png,0,1,0,0,0,0,0,0,0,0,0
blood_44.png,0,1,0,0,0,0,0,0,0,0,0
blood_45.png,0,1,0,0,0,0,0,0,0,0,0
blood_46.png,0,2,0,0,0,0,0,0,0,0,0
blood_47.png,0,1,0,0,0,0,0,0,0,0,0
blood_48.png,0,1,0,0,0,0,0,0,0,0,0
blood_49.png,0,1,0,0,0,0,0,0,0,0,0
blood_5.png,0,1,0,0,0,0,0,0,0,0,0
blood_50.png,0,1,0,0,0,0,0,0,0,0,0
blood_51.png,0,1,1,0,0,0,0,0,0,0,0
blood_52.png,0,1,0,0,0,0,0,0,0,0,0
blood_53.png,0,1,0,0,0,0,0,0,0,0,0
blood_54.png,0,1,0,0,0,0,0,0,0,0,0
blood_55.png,0,2,0,0,0,0,0,0,0,0,0
blood_56.png,0,1,0,0,0,0,0,0,0,0,0
blood_57.png,0,2,0,0,0,0,0,0,0,0,0
blood_58.png,0,1,0,0,0,0,0,0,0,0,0
blood_59.png,0,1,0,0,0,0,0,0,0,0,0
blood_6.png,0,1,0,0,0,0,0,0,0,0,0
blood_60.png,0,1,0,0,0,0,0,0,0,0,0
blood_61.png,0,2,0,0,0,0,0,0,0,0,0
blood_62.png,0,1,0,0,0,0,0,0,0,0,0
blood_63.png,0,1,0,0,0,0,0,0,0,0,0
blood_64.png,0,1,0,0,0,0,0,0,0,0,0
blood_65.png,0,1,0,0,0,0,0,0,0,0,0
blood_66.png,0,1,0,0,0,0,0,0,0,0,0
blood_67.png,0,11,0,0,0,0,0,0,0,1,0
blood_68.png,0,1,0,0,0,0,0,0,0,0,0
blood_69.png,0,1,0,0,0,0,0,0,0,0,0
blood_7.png,0,1,0,0,0,0,0,0,0,0,0
blood_70.png,0,1,0,0,0,0,0,0,0,0,0
blood_71.png,0,1,0,0,0,0,0,0,0,0,0
blood_72.png,0,1,0,0,0,0,0,0,0,0,0
blood_73.png,0,1,0,0,0,0,0,0,0,0,0
blood_74.png,0,1,0,0,0,0,0,0,0,0,0
blood_75.png,0,1,0,0,0,0,0,0,0,0,0
blood_76.png,0,1,0,0,0,0,0,0,0,0,0
blood_77.png,0,1,0,0,0,0,0,0,0,0,0
blood_78.png,0,1,0,0,0,0,0,0,0,0,0
blood_79.png,0,1,0,0,0,0,0,0,0,0,0
blood_8.png,0,1,0,0,0,0,0,0,0,0,0
blood_80.png,0,1,0,0,0,0,0,0,0,0,0
blood_81.png,0,1,0,0,0,0,0,0,0,0,0
blood_82.png,0,1,0,0,0,0,0,0,0,0,0
blood_83.png,1,1,0,0,0,0,0,0,0,0,0
blood_84.png,5,0,0,0,0,0,0,0,0,1,0
blood_85.png,0,1,0,0,0,0,0,0,0,0,0
blood_86.png,0,0,0,0,0,0,0,0,0,0,0
blood_87.png,0,1,0,0,0,0,0,0,0,0,0
blood_88.png,0,1,0,0,0,0,0,0,0,0,0
blood_89.png,0,0,0,0,0,0,0,0,0,0,0
blood_9.png,0,1,0,0,0,0,0,0,0,0,0
blood_90.png,0,1,0,0,0,0,0,0,0,0,0
blood_91.png,0,1,0,0,0,0,0,0,0,0,0
blood_92.png,0,1,0,0,0,0,0,0,0,0,0
blood_93.png,0,1,0,0,0,0,0,0,0,0,0
blood_94.png,0,3,0,0,0,0,0,0,0,0,0
blood_95.png,0,1,0,0,0,0,0,0,0,0,0
blood_96.png,0,1,0,0,0,0,0,0,0,0,0
blood_97.png,0,1,0,0,0,0,0,0,0,0,0
blood_98.png,0,1,0,0,0,0,0,0,0,0,0
blood_99.png,0,1,0,0,0,0,0,0,0,0,0
bullet_hole_1.png,0,0,3,0,0,0,0,0,0,0,0
bullet_hole_10.png,0,0,1,0,0,0,0,0,0,0,0
bullet_hole_11.png,0,0,0,0,0,0,0,0,0,0,0
bullet_hole_12.png,0,0,1,0,0,0,0,0,0,0,0
bullet_hole_13.png,0,0,0,0,0,0,0,0,0,0,0
bullet_hole_14.png,0,0,2,0,0,0,0,0,0,0,0
bullet_hole_15.png,0,0,3,0,0,0,0,0,0,0,0
bullet_hole_16.png,0,0,5,0,0,0,0,0,0,0,0
bullet_hole_17.png,0,0,1,0,0,0,0,0,0,0,0
bullet_hole_18.png,0,0,1,0,0,0,0,0,0,0,0
bullet_hole_19.png,1,0,0,0,0,0,0,0,0,0,0
bullet_hole_2.png,0,0,1,0,0,0,0,0,0,0,0
bullet_hole_20.png,0,0,0,0,0,0,0,0,0,0,0
bullet_hole_21.png,0,0,1,0,0,0,0,0,0,0,0
bullet_hole_22.png,0,0,2,0,0,0,0,0,0,0,0
bullet_hole_23.png,0,0,1,0,0,0,0,0,0,0,0
bullet_hole_24.png,0,0,1,0,0,0,0,0,0,0,0
bullet_hole_25.png,0,0,1,0,0,0,0,0,0,0,0
bullet_hole_26.png,0,0,1,0,0,0,0,0,0,0,0
bullet_hole_27.png,0,0,1,0,0,0,0,0,0,0,0
bullet_hole_28.png,0,0,1,0,0,0,0,0,0,0,0
bullet_hole_29.png,0,0,1,0,0,0,0,0,0,0,0
bullet_hole_3.png,0,0,9,0,0,0,0,0,0,0,0
bullet_hole_30.png,0,0,1,0,0,0,0,0,0,0,0
bullet_hole_31.png,0,0,1,0,0,0,0,0,0,0,0
bullet_hole_32.png,0,0,1,0,0,0,0,0,0,0,0
bullet_hole_33.png,0,0,1,0,0,0,0,0,0,0,0
bullet_hole_34.png,0,0,42,0,0,0,0,0,0,0,0
bullet_hole_35.png,0,0,3,0,0,0,0,0,0,0,0
bullet_hole_36.png,0,0,1,0,0,0,0,0,0,0,0
bullet_hole_37.png,0,0,1,0,0,0,0,0,0,0,0
bullet_hole_38.png,0,0,1,0,0,0,0,0,0,0,0
bullet_hole_39.png,0,0,6,0,0,0,0,0,0,0,0
bullet_hole_4.png,0,0,6,0,0,0,0,0,0,0,0
bullet_hole_40.png,0,0,1,0,0,0,0,0,0,0,0
bullet_hole_41.png,0,0,1,0,0,0,0,0,0,0,0
bullet_hole_42.png,0,0,1,0,0,0,0,0,0,0,0
bullet_hole_43.png,0,0,1,0,0,0,0,0,0,0,0
bullet_hole_44.png,0,0,1,0,0,0,0,0,0,0,0
bullet_hole_45.png,0,0,1,0,0,0,0,0,0,0,0
bullet_hole_46.png,0,0,1,0,0,0,0,0,0,0,0
bullet_hole_47.png,0,0,2,0,0,0,0,0,0,0,0
bullet_hole_48.png,0,0,5,0,0,0,0,0,0,0,0
bullet_hole_49.png,0,1,0,0,0,0,0,0,0,0,0
bullet_hole_5.png,0,0,1,0,0,0,0,0,0,0,0
bullet_hole_50.png,0,0,0,0,0,0,0,0,2,0,0
bullet_hole_6.png,0,0,1,0,0,0,0,0,0,0,0
bullet_hole_7.png,0,0,1,0,0,0,0,0,0,0,0
bullet_hole_8.png,0,0,1,0,0,0,0,0,0,0,0
bullet_hole_9.png,0,0,1,0,0,0,0,0,0,0,0
Crimescene_tapes_1.png,0,0,0,0,1,0,0,0,0,0,0
Crimescene_tapes_10.png,0,0,0,0,2,0,0,0,0,0,0
Crimescene_tapes_11.png,0,0,0,0,2,0,0,0,0,0,0
Crimescene_tapes_12.png,0,0,0,0,1,0,0,0,0,0,0
Crimescene_tapes_13.png,0,0,0,0,1,0,0,0,0,0,0
Crimescene_tapes_14.png,0,0,0,0,1,0,0,0,0,0,0
Crimescene_tapes_15.png,0,0,0,0,1,0,0,0,0,0,0
Crimescene_tapes_16.png,0,0,0,0,1,0,0,0,0,0,0
Crimescene_tapes_17.png,0,0,0,0,1,0,0,0,0,0,0
Crimescene_tapes_18.png,0,0,0,0,1,0,0,0,0,0,0
Crimescene_tapes_19.png,0,0,0,0,2,0,0,0,0,0,0
Crimescene_tapes_2.png,0,0,0,0,1,0,0,0,0,0,0
Crimescene_tapes_20.png,0,0,0,0,7,0,0,0,0,0,0
Crimescene_tapes_21.png,0,0,0,0,1,0,0,0,0,0,0
Crimescene_tapes_22.png,0,0,0,0,2,0,0,0,0,0,0
Crimescene_tapes_23.png,0,0,0,0,1,0,0,0,0,0,0
Crimescene_tapes_24.png,0,0,0,0,2,0,0,0,0,0,0
Crimescene_tapes_25.png,0,0,0,0,1,0,0,0,0,0,0
Crimescene_tapes_26.png,0,0,0,0,2,0,0,0,0,0,0
Crimescene_tapes_27.png,0,0,0,0,1,0,0,0,0,0,0
Crimescene_tapes_28.png,0,0,0,0,1,0,0,0,0,0,0
Crimescene_tapes_29.png,0,0,0,0,1,0,0,0,0,0,0
Crimescene_tapes_3.png,0,0,0,0,2,0,0,0,0,0,0
Crimescene_tapes_30.png,0,0,0,0,1,0,0,0,0,0,0
Crimescene_tapes_31.png,0,0,0,0,6,0,0,0,0,0,0
Crimescene_tapes_32.png,0,0,0,0,1,0,0,0,0,0,0
Crimescene_tapes_33.png,0,0,0,0,1,0,0,0,0,0,0
Crimescene_tapes_34.png,0,0,0,0,2,0,0,0,0,0,0
Crimescene_tapes_35.png,0,0,0,0,2,0,0,0,0,0,0
Crimescene_tapes_36.png,0,0,0,0,1,0,0,0,0,0,0
Crimescene_tapes_37.png,0,0,0,0,1,0,0,0,0,0,0
Crimescene_tapes_38.png,0,0,0,0,2,0,0,0,0,0,0
Crimescene_tapes_39.png,0,0,0,0,1,0,0,0,0,0,0
Crimescene_tapes_4.png,0,0,0,0,5,0,0,0,0,0,0
Crimescene_tapes_40.png,0,0,0,0,1,0,0,0,0,0,0
Crimescene_tapes_41.png,0,0,0,0,3,0,0,0,0,0,0
Crimescene_tapes_42.png,0,0,0,0,3,0,0,0,0,0,0
Crimescene_tapes_43.png,0,0,0,0,2,0,0,0,0,0,0
Crimescene_tapes_44.png,0,0,0,0,1,0,0,0,0,0,0
Crimescene_tapes_45.png,0,0,0,0,1,0,0,0,0,0,0
Crimescene_tapes_46.png,0,0,0,0,2,0,0,0,0,0,0
Crimescene_tapes_47.png,0,0,0,0,3,0,0,0,0,0,0
Crimescene_tapes_48.png,0,0,0,0,4,0,0,0,0,0,0
Crimescene_tapes_49.png,0,0,0,0,1,0,0,0,0,0,0
Crimescene_tapes_5.png,0,0,0,0,2,0,0,0,0,0,0
Crimescene_tapes_50.png,0,0,0,0,2,0,0,0,0,0,0
Crimescene_tapes_6.png,0,0,0,0,10,0,0,0,0,0,0
Crimescene_tapes_7.png,0,0,0,0,1,0,0,0,0,0,0
Crimescene_tapes_8.png,0,0,0,0,1,0,0,0,0,0,0
Crimescene_tapes_9.png,0,0,0,0,1,0,0,0,0,0,0
drink_can_1.png,0,0,0,0,0,1,0,0,0,0,0
drink_can_10.png,0,0,0,0,0,2,0,0,0,0,0
drink_can_11.png,0,0,0,0,0,1,0,0,0,0,0
drink_can_12.png,0,0,0,0,0,1,0,0,0,0,0
drink_can_13.png,0,0,0,0,0,1,0,0,0,0,0
drink_can_14.png,0,0,0,0,0,1,0,0,0,0,0
drink_can_15.png,0,0,0,0,0,1,0,0,0,0,0
drink_can_16.png,0,0,0,0,0,1,0,0,0,0,0
drink_can_17.png,0,0,0,0,0,1,0,0,0,0,0
drink_can_18.png,0,0,0,0,0,1,0,0,0,0,0
drink_can_19.png,0,0,0,0,0,1,0,0,0,0,0
drink_can_2.png,0,0,0,0,0,3,0,0,0,0,0
drink_can_20.png,0,0,0,0,0,5,0,0,0,0,0
drink_can_21.png,0,0,0,0,0,1,0,0,0,0,0
drink_can_22.png,0,0,0,0,0,1,0,0,0,0,0
drink_can_23.png,0,0,0,0,0,1,0,0,0,0,0
drink_can_24.png,0,0,0,0,0,1,0,0,0,0,0
drink_can_25.png,0,0,0,0,0,1,0,0,0,0,0
drink_can_26.png,0,0,0,0,0,1,0,0,0,0,0
drink_can_27.png,0,0,0,0,0,1,0,0,0,0,0
drink_can_28.png,0,0,0,0,0,1,0,0,0,0,0
drink_can_29.png,0,0,0,0,0,1,0,0,0,0,0
drink_can_3.png,0,0,0,0,0,1,0,0,0,0,0
drink_can_30.png,0,0,0,0,0,1,0,0,0,0,0
drink_can_31.png,0,0,0,0,0,4,0,0,0,0,0
drink_can_32.png,0,0,0,0,0,3,0,0,0,0,0
drink_can_33.png,0,0,0,0,0,4,0,0,0,0,0
drink_can_34.png,0,0,0,0,0,1,0,0,0,0,0
drink_can_35.png,0,0,0,0,0,1,0,0,0,0,0
drink_can_36.png,0,0,0,0,0,1,0,0,0,0,0
drink_can_37.png,0,0,0,0,0,1,0,0,0,0,0
drink_can_38.png,0,0,0,0,0,1,0,0,0,0,0
drink_can_39.png,0,0,0,0,0,1,0,0,0,0,0
drink_can_4.png,0,0,0,0,0,1,0,0,0,0,0
drink_can_40.png,0,0,0,0,0,1,0,0,0,0,0
drink_can_5.png,0,0,0,0,0,1,0,0,0,0,0
drink_can_6.png,0,0,0,0,0,1,0,0,0,0,0
drink_can_7.png,0,0,0,0,0,2,0,0,0,0,0
drink_can_8.png,0,0,0,0,0,1,0,0,1,0,0
drink_can_9.png,0,0,0,0,0,2,0,0,0,0,0
fingerprint_1.png,0,0,0,0,0,0,1,0,0,0,0
fingerprint_10.png,0,0,0,0,0,0,1,0,0,0,0
fingerprint_11.png,0,0,0,0,0,0,1,0,0,0,0
fingerprint_12.png,0,0,0,0,0,0,1,0,0,0,0
fingerprint_13.png,0,0,0,0,0,0,1,0,0,0,0
fingerprint_14.png,0,0,0,0,0,0,1,0,0,0,0
fingerprint_15.png,0,0,0,0,0,0,1,0,0,0,0
fingerprint_16.png,0,0,0,0,0,0,1,0,0,0,0
fingerprint_17.png,0,0,0,0,0,0,1,0,0,0,0
fingerprint_18.png,0,0,0,0,0,0,1,0,0,0,0
fingerprint_19.png,0,0,0,0,0,0,1,0,0,0,0
fingerprint_2.png,0,0,0,0,0,0,1,0,0,0,0
fingerprint_20.png,0,0,0,0,0,0,1,0,0,0,0
fingerprint_21.png,0,0,0,0,3,0,1,0,0,0,0
fingerprint_22.png,0,0,0,0,0,0,5,0,0,0,0
fingerprint_23.png,0,0,0,0,0,0,1,0,0,0,0
fingerprint_24.png,0,0,0,0,0,0,0,0,1,0,0
fingerprint_25.png,0,0,0,0,0,0,3,0,0,0,0
fingerprint_26.png,0,0,0,0,0,0,1,0,0,0,0
fingerprint_27.png,0,0,0,0,0,0,1,0,0,0,0
fingerprint_28.png,0,0,0,0,0,0,1,0,0,0,0
fingerprint_29.png,0,0,0,0,0,0,1,0,0,0,0
fingerprint_3.png,0,0,0,0,0,0,1,0,0,0,0
fingerprint_30.png,0,0,0,0,0,0,1,0,0,0,0
fingerprint_31.png,0,0,0,0,0,0,1,0,0,0,0
fingerprint_32.png,0,0,0,0,0,0,1,0,0,0,0
fingerprint_33.png,0,0,0,0,0,0,1,0,0,0,0
fingerprint_34.png,0,0,0,0,0,0,1,0,0,0,0
fingerprint_35.png,0,0,0,0,0,0,1,0,0,0,0
fingerprint_36.png,0,0,0,0,0,0,1,0,0,0,0
fingerprint_37.png,0,0,0,0,0,0,1,0,0,0,0
fingerprint_38.png,0,0,0,0,0,0,1,0,0,0,0
fingerprint_39.png,0,0,0,0,0,0,1,0,0,0,0
fingerprint_4.png,0,0,0,0,0,0,1,0,0,0,0
fingerprint_40.png,0,0,0,0,0,0,1,0,0,0,0
fingerprint_5.png,0,0,0,0,0,0,1,0,0,0,0
fingerprint_6.png,0,0,0,0,0,0,1,0,0,0,0
fingerprint_7.png,0,0,0,0,0,0,1,0,0,0,0
fingerprint_8.png,0,0,0,0,0,0,1,0,0,0,0
fingerprint_9.png,0,0,0,0,0,0,1,0,0,0,0
gun_001.png,0,0,0,0,0,0,0,0,0,1,0
gun_002.png,0,0,0,0,0,0,0,0,0,1,0
gun_003.png,0,0,0,0,0,0,0,0,0,0,0
gun_004.png,0,0,0,0,0,0,0,0,0,1,0
gun_005.png,0,0,0,0,0,0,0,0,0,1,0
gun_006.png,0,0,0,0,0,0,0,0,0,1,0
gun_007.png,0,0,0,0,0,0,0,0,0,1,0
gun_008.png,0,0,0,0,0,0,0,0,0,1,0
gun_009.png,0,0,0,0,0,0,0,0,0,1,0
gun_010.png,0,0,0,0,0,0,0,0,0,1,0
gun_011.png,0,0,0,0,0,0,0,0,0,1,0
gun_012.png,0,0,0,0,0,0,0,0,0,1,0
gun_013.png,0,0,0,0,0,0,0,0,0,1,0
gun_014.png,1,0,0,0,0,0,0,0,0,3,0
gun_015.png,0,0,0,0,0,0,0,0,0,2,0
gun_016.png,0,0,0,0,0,0,0,0,0,0,0
gun_017.png,0,0,0,0,0,0,0,0,0,1,0
gun_018.png,0,0,0,0,0,0,0,0,0,1,0
gun_019.png,1,0,0,0,0,0,0,0,0,0,0
gun_020.png,0,0,0,0,0,0,0,0,0,1,0
gun_021.png,0,0,0,0,0,0,0,0,0,1,0
gun_022.png,0,0,0,0,0,0,0,0,0,2,1
gun_023.png,0,0,0,0,0,0,0,0,0,1,0
gun_024.png,0,0,0,0,0,0,0,0,0,1,0
gun_025.png,0,0,0,0,0,0,0,0,0,1,0
gun_026.png,0,0,0,0,0,0,0,0,0,1,0
gun_027.png,0,0,0,0,0,0,0,0,0,1,0
gun_028.png,0,0,0,0,0,0,0,0,0,1,0
gun_029.png,0,0,0,0,0,0,0,0,0,1,0
gun_030.png,0,0,0,0,0,0,0,0,0,1,0
gun_031.png,0,0,0,0,0,0,0,0,0,1,0
gun_032.png,0,0,0,0,0,0,0,0,0,1,0
gun_033.png,0,0,0,0,0,0,0,0,0,1,0
gun_034.png,0,0,0,0,0,0,0,0,0,1,0
gun_035.png,0,0,0,0,0,0,0,0,0,1,0
gun_038.png,0,0,0,0,0,0,0,0,0,1,0
gun_039.png,0,0,0,0,0,0,0,0,0,1,0
gun_040.png,0,0,0,0,0,0,0,0,0,1,0
knife_1.png,0,0,0,0,0,0,0,0,0,0,1
knife_41.png,0,0,0,0,0,0,0,0,0,0,1
knife_42.png,0,0,0,0,0,0,0,0,0,0,1
knife_43.png,0,0,0,0,0,0,0,0,2,0,0
knife_44.png,0,0,0,0,0,0,0,0,0,0,1
knife_45.png,0,0,0,0,0,0,0,0,0,0,1
knife_46.png,0,0,0,0,0,0,0,0,0,0,1
knife_47.png,0,0,0,0,0,0,0,0,0,0,1
knife_48.png,0,0,0,0,0,0,0,0,0,0,1
knife_49.png,0,1,0,0,0,0,0,0,0,0,0
knife_50.png,0,0,0,0,0,0,0,0,0,0,1
knife_51.png,0,0,0,0,0,0,0,0,0,0,1
knife_52.png,0,0,0,0,0,0,0,0,0,0,3
knife_53.png,0,0,0,0,0,0,0,0,0,0,1
knife_54.png,0,0,0,0,0,0,0,0,0,0,1
knife_55.png,0,0,0,0,0,0,0,0,0,0,1
knife_56.png,0,0,0,0,0,0,0,0,0,0,1
knife_57.png,0,0,0,0,0,0,0,0,0,0,1
knife_58.png,0,0,0,0,0,0,0,0,1,0,2
knife_59.png,0,0,0,0,0,0,0,0,0,0,1
knife_60.png,0,0,0,0,0,0,0,0,0,0,1
knife_61.png,0,0,0,0,0,0,0,0,0,0,1
knife_62.png,0,0,0,0,0,0,0,0,0,0,1
knife_63.png,0,0,0,0,0,0,0,0,0,0,0
knife_64.png,0,0,0,0,0,0,0,0,0,0,1
knife_65.png,0,0,0,0,0,0,0,0,0,0,1
knife_66.png,0,0,0,0,0,0,0,0,0,0,0
knife_67.png,0,0,0,0,0,0,0,0,0,0,2
knife_68.png,0,0,0,0,0,0,0,0,0,0,0
knife_69.png,0,0,0,0,0,0,0,0,0,0,1
knife_70.png,0,0,0,0,0,0,0,0,0,0,1
shell_1.png,4,1,0,0,0,0,0,0,0,0,0
shell_10.png,5,0,0,0,0,0,0,0,0,0,0
shell_11.png,1,0,0,0,0,0,0,0,0,0,0
shell_12.png,0,1,0,0,0,0,0,0,0,0,0
shell_13.png,0,0,0,0,0,0,0,1,0,0,0
shell_14.png,0,0,0,0,0,0,0,0,0,0,0
shell_15.png,0,0,0,0,0,0,0,0,0,0,0
shell_16.png,0,0,0,0,1,0,0,0,0,0,0
shell_17.png,0,0,0,0,1,0,0,0,0,0,0
shell_18.png,0,0,0,0,0,0,0,0,0,0,0
shell_19.png,0,0,0,0,0,0,0,0,0,0,0
shell_2.png,0,0,0,0,0,0,0,0,0,0,0
shell_20.png,0,0,0,0,0,0,0,0,0,0,0
shell_21.png,0,0,0,0,0,0,0,0,0,0,1
shell_22.png,0,0,0,0,0,0,0,0,1,0,0
shell_23.png,0,0,0,0,0,0,0,0,0,0,0
shell_24.png,0,0,0,0,0,1,0,0,0,0,0
shell_25.png,0,0,0,0,0,0,0,0,0,0,0
shell_26.png,0,0,0,0,0,0,0,0,1,0,0
shell_27.png,0,0,0,0,0,0,0,0,0,0,0
shell_28.png,0,0,0,0,0,0,0,0,0,0,0
shell_29.png,1,0,1,0,0,0,0,0,0,0,0
shell_3.png,0,0,0,0,0,0,0,0,0,0,0
shell_30.png,1,0,0,0,0,0,0,0,0,0,0
shell_31.png,0,0,0,0,0,0,0,0,0,0,0
shell_32.png,0,0,0,0,0,0,0,0,0,1,0
shell_33.png,0,0,2,0,0,0,0,0,0,0,0
shell_34.png,0,0,0,0,0,0,0,0,0,0,0
shell_35.png,0,0,0,0,0,0,0,0,0,0,0
shell_36.png,1,0,0,0,0,0,0,0,0,0,0
shell_37.png,1,0,0,0,0,0,0,0,0,0,0
shell_38.png,0,0,0,0,0,1,0,0,0,0,0
shell_39.png,0,0,0,0,0,0,0,0,0,0,1
shell_4.png,0,0,0,0,0,0,0,0,0,0,0
shell_40.png,0,0,1,0,0,0,0,0,0,0,0
shell_41.png,0,0,0,0,0,0,0,0,0,0,0
shell_42.png,0,0,0,0,0,0,0,0,0,0,1
shell_43.png,1,0,0,0,0,0,0,0,0,1,0
shell_44.png,0,0,0,0,0,0,0,0,0,0,0
shell_45.png,1,0,0,0,0,0,0,0,0,0,0
shell_46.png,0,0,0,0,0,0,0,0,0,0,0
shell_47.png,0,0,0,0,0,0,0,0,0,0,0
shell_48.png,0,0,0,0,0,0,0,0,0,0,0
shell_49.png,0,0,0,0,0,0,0,0,0,0,0
shell_5.png,0,1,4,0,0,1,0,0,0,0,0
shell_50.png,1,0,0,0,0,0,0,0,0,0,0
shell_51.png,0,0,0,0,0,0,0,0,0,0,0
shell_52.png,0,0,0,0,0,1,0,0,0,0,0
shell_53.png,0,0,0,0,0,0,0,0,0,0,0
shell_54.png,0,0,0,0,0,0,0,0,0,0,0
shell_55.png,0,0,0,0,0,0,0,0,0,0,0
shell_56.png,0,0,0,0,0,0,0,0,0,0,0
shell_57.png,0,0,0,0,0,0,0,0,0,0,0
shell_58.png,1,0,0,0,0,0,0,0,0,0,0
shell_59.png,1,0,0,0,0,0,0,0,0,0,0
shell_6.png,0,0,0,0,0,0,0,0,0,0,0
shell_60.png,0,0,0,0,0,0,0,0,0,0,1
shell_61.png,0,0,0,0,0,0,0,1,0,0,0
shell_62.png,0,0,0,0,1,0,0,0,0,0,0
shell_63.png,1,0,0,0,0,0,0,0,0,0,0
shell_64.png,0,0,0,0,0,0,0,0,0,0,0
shell_65.png,1,0,0,0,0,0,0,0,0,1,0
shell_66.png,1,0,0,0,0,0,0,0,0,0,0
shell_67.png,0,2,0,0,0,0,0,0,0,0,0
shell_68.png,0,0,0,0,0,0,0,0,0,0,0
shell_69.png,6,0,0,0,0,0,0,0,0,1,0
shell_7.png,0,0,0,0,0,0,0,0,0,0,0
shell_70.png,0,0,0,0,0,0,0,0,0,0,0
shell_71.png,0,0,0,0,0,0,0,0,0,0,0
shell_72.png,0,0,1,0,0,0,0,0,0,0,0
shell_73.png,0,0,0,0,0,0,0,0,0,1,0
shell_74.png,1,0,0,0,0,0,0,0,0,0,0
shell_75.png,0,0,0,0,0,1,0,0,0,0,0
shell_76.png,0,0,0,0,0,1,0,0,0,0,0
shell_77.png,0,0,0,0,0,1,0,0,0,0,1
shell_78.png,1,0,0,0,0,0,0,0,0,0,0
shell_79.png,1,0,0,0,0,0,0,0,0,0,0
shell_8.png,0,0,0,0,0,0,0,0,0,0,0
shell_80.png,0,0,0,0,0,0,0,0,0,0,0
shell_9.png,0,0,0,0,0,0,0,0,3,0,0
shoeprint_1.png,0,0,0,0,0,5,0,1,0,0,0
shoeprint_10.png,0,0,1,0,0,0,1,0,0,0,0
shoeprint_11.png,0,0,0,0,0,0,0,0,0,0,0
shoeprint_12.png,0,0,0,0,0,0,0,1,0,0,0
shoeprint_13.png,0,0,0,0,0,0,1,0,0,0,0
shoeprint_14.png,0,0,0,0,0,0,0,0,0,0,0
shoeprint_15.png,0,0,0,0,0,0,0,2,0,0,0
shoeprint_16.png,0,0,0,0,0,0,0,0,0,0,0
shoeprint_17.png,0,0,0,0,0,1,0,0,0,0,0
shoeprint_18.png,0,0,0,0,0,0,0,0,0,0,0
shoeprint_19.png,0,0,2,0,0,0,0,0,0,0,0
shoeprint_2.png,0,0,0,0,0,0,0,0,0,0,0
shoeprint_20.png,0,0,0,0,0,0,0,0,0,1,0
shoeprint_21.png,0,0,0,0,0,0,0,0,0,0,0
shoeprint_22.png,0,0,0,0,0,3,0,0,0,0,0
shoeprint_23.png,0,0,0,0,1,0,0,0,0,0,0
shoeprint_24.png,0,0,0,0,0,1,0,0,0,0,0
shoeprint_25.png,0,0,0,0,0,0,0,4,0,0,0
shoeprint_26.png,1,0,0,0,0,0,0,1,0,0,0
shoeprint_27.png,0,0,0,0,0,0,1,0,0,0,0
shoeprint_28.png,0,0,0,0,0,0,0,1,0,0,0
shoeprint_29.png,0,0,0,0,0,0,0,0,0,0,0
shoeprint_3.png,0,0,0,0,0,3,0,0,0,0,0
shoeprint_30.png,0,0,0,0,0,0,0,0,0,0,0
shoeprint_31.png,0,0,1,0,0,0,1,0,0,0,0
shoeprint_32.png,0,0,0,0,0,1,0,0,0,0,0
shoeprint_33.png,0,0,0,0,0,0,0,0,0,0,0
shoeprint_34.png,1,0,0,0,0,0,0,0,0,1,0
shoeprint_35.png,0,0,0,0,0,0,0,0,0,0,0
shoeprint_36.png,0,0,1,0,0,0,0,0,0,0,0
shoeprint_37.png,0,0,0,0,0,0,0,0,0,0,0
shoeprint_38.png,0,0,0,0,0,0,0,0,0,0,0
shoeprint_39.png,0,0,1,0,0,0,1,0,0,0,0
shoeprint_4.png,0,0,0,0,0,0,0,0,0,0,0
shoeprint_40.png,1,3,0,0,0,0,0,0,0,0,0
shoeprint_5.png,0,0,0,0,0,4,0,2,0,0,0
shoeprint_6.png,0,0,0,0,0,0,0,0,0,0,0
shoeprint_7.png,0,0,0,0,0,0,0,2,0,0,0
shoeprint_8.png,0,0,0,0,0,1,0,0,0,0,0
shoeprint_9.png,0,0,0,0,0,0,0,2,0,0,0
shoeprint_foot_1.png,0,0,0,0,0,0,0,1,0,0,0
shoeprint_foot_10.png,0,0,0,0,0,0,0,3,0,0,0
shoeprint_foot_11.png,0,0,0,0,0,0,0,0,0,0,0
shoeprint_foot_12.png,0,0,0,0,0,0,0,2,0,0,0
shoeprint_foot_13.png,0,1,0,0,0,0,0,0,0,0,0
shoeprint_foot_14.png,0,0,0,0,0,0,0,1,0,0,0
shoeprint_foot_15.png,0,0,0,0,0,0,0,1,0,0,0
shoeprint_foot_16.png,0,0,0,0,0,0,0,3,0,0,0
shoeprint_foot_17.png,0,0,0,0,0,0,0,3,0,0,0
shoeprint_foot_18.png,0,0,0,0,0,0,0,1,0,0,0
shoeprint_foot_19.png,0,0,0,0,0,0,0,1,0,0,0
shoeprint_foot_2.png,0,0,0,0,0,0,0,3,0,0,0
shoeprint_foot_20.png,0,0,0,0,0,0,0,1,0,0,0
shoeprint_foot_21.png,0,0,0,0,0,0,0,2,0,0,0
shoeprint_foot_22.png,0,0,0,0,0,0,0,5,0,0,0
shoeprint_foot_23.png,0,0,0,0,0,0,0,9,0,0,0
shoeprint_foot_24.png,0,0,0,0,0,0,0,8,0,0,0
shoeprint_foot_25.png,0,0,0,0,0,0,0,0,0,0,0
shoeprint_foot_26.png,0,0,0,0,0,0,0,1,0,0,0
shoeprint_foot_27.png,0,0,0,0,0,0,0,2,0,0,0
shoeprint_foot_28.png,0,0,0,0,0,0,0,1,0,0,0
shoeprint_foot_29.png,0,0,0,0,0,0,0,2,0,0,0
shoeprint_foot_3.png,0,0,0,0,0,0,0,1,0,0,0
shoeprint_foot_30.png,0,0,0,0,0,0,0,1,0,0,0
shoeprint_foot_31.png,0,0,0,0,0,0,0,2,0,0,0
shoeprint_foot_32.png,0,0,0,0,0,0,0,2,0,0,0
shoeprint_foot_33.png,0,0,0,0,0,0,0,2,0,0,0
shoeprint_foot_34.png,0,0,1,0,0,0,0,0,0,0,0
shoeprint_foot_35.png,0,0,0,0,0,0,0,1,0,0,0
shoeprint_foot_36.png,0,0,0,0,0,0,0,1,0,0,0
shoeprint_foot_37.png,0,0,0,0,0,0,0,4,0,0,0
shoeprint_foot_38.png,0,0,0,0,0,0,0,3,0,0,0
shoeprint_foot_39.png,0,0,0,0,0,0,0,2,0,0,0
shoeprint_foot_4.png,0,0,0,0,0,0,0,2,0,0,0
shoeprint_foot_40.png,0,0,0,0,0,0,0,2,0,0,0
shoeprint_foot_5.png,0,0,0,0,0,0,0,1,0,0,0
shoeprint_foot_6.png,0,0,0,0,0,0,0,1,0,0,0
shoeprint_foot_7.png,0,0,0,0,0,0,0,1,0,0,0
shoeprint_foot_8.png,0,0,0,0,0,0,0,1,0,0,0
shoeprint_foot_9.png,0,0,0,0,0,0,0,3,0,0,0
